회원(member) 테이블
CREATE TABLE MEMBER(
id VARCHAR(15) PRIMARY key,
pw VARCHAR(8),
NAME VARCHAR(10),
addr VARCHAR(50),
gender VARCHAR(2),
tel VARCHAR(13),
grade VARCHAR(6)
);

insert into member values('지켜본다','********','김철수','서울시 강남구','남','010-1234-5678','관리자');
insert into member values('조심해라','********','박민호','대구시 수성구','남','010-3456-7890','관리자');
insert into member values('욕만해봐','********','장미현','대전시 서구','여','010-7890-1234','관리자');
insert into member values('바로블랙','********','백수진','인천시 부평구','여','010-1234-6789','관리자');
insert into member values('아이컨택','********','김미영','서울시 노원구','여','010-5678-0123','관리자');
insert into member values('맛도리','********','이영희','부산시 해운대구','여','010-2345-6789','매니저');
insert into member values('이맛이지','********','최준혁','인천시 연수구','남','010-5678-9012','매니저');
insert into member values('달달하다','********','고영미','서울시 마포구','여','010-9012-3456','매니저');
insert into member values('요로코롬','********','허정미','부산시 남구','여','010-3456-8901','매니저');
insert into member values('야호','********','박하영','대전시 유성구','여','010-7890-2345','매니저');
insert into member values('아잇','********','김수현','광주시 서구','여','010-6543-2109','매니저');
insert into member values('고도리','********','이정환','서울시 성동구','남','010-9876-5432','매니저');
insert into member values('고수','********','김도현','인천시 남동구','남','010-8523-1470','매니저');
insert into member values('기요미','********','임수정','서울시 동대문구','여','010-9632-4758','매니저');
insert into member values('38장땡','********','장유진','부산시 북구','여','010-7891-5623','매니저');
insert into member values('알리','********','정호석','대구시 동구','남','010-3214-6547','매니저');
insert into member values('독사','********','윤지훈','서울시 은평구','남','010-4789-5234','매니저');
insert into member values('49파토','********','오세진','인천시 서구','남','010-6748-3210','매니저');
insert into member values('장땡','********','황지민','광주시 남구','여','010-2134-6541','매니저');
insert into member values('너구리','********','전유리','대전시 중구','여','010-5467-8901','매니저');
insert into member values('평강장','********','강한결','서울시 강북구','남','010-1290-6745','매니저');
insert into member values('아귀','********','문지영','부산시 사하구','여','010-3412-7865','매니저');
insert into member values('짝귀','********','최성민','대구시 남구','남','010-4765-9823','매니저');
insert into member values('승리','********','정다훈','서울시 금천구','남','010-2345-7864','매니저');
insert into member values('망통','********','송지원','광주시 북구','여','010-6432-7890','매니저');
insert into member values('기다림','********','한지민','대전시 동구','여','010-5643-2109','매니저');
insert into member values('소주','********','이소영','울산시 중구','여','010-9231-4567','매니저');
insert into member values('맥주','********','박성호','인천시 동구','남','010-7832-5647','매니저');
insert into member values('폭탄주','********','김현우','부산시 동래구','남','010-8921-4736','매니저');
insert into member values('안동소주','********','이지수','서울시 강동구','여','010-7548-3126','매니저');
insert into member values('스카치블루','********','정수진','서울시 서초구','여','010-4567-8901','회원');
insert into member values('잭다니엘','********','한지우','광주시 동구','여','010-6789-0123','회원');
insert into member values('레몬첼로','********','윤석현','울산시 남구','남','010-8901-2345','회원');
insert into member values('발렌타인','********','신동호','대구시 달서구','남','010-0123-4567','회원');
insert into member values('고삼차','********','강철민','서울시 송파구','남','010-2345-7890','회원');
insert into member values('기둘기둘','********','홍민기','대구시 중구','남','010-4567-9012','회원');
insert into member values('고지식','********','이준석','광주시 북구','남','010-6789-1234','회원');
insert into member values('욕망이란','********','정철호','울산시 북구','남','010-8901-3456','회원');
insert into member values('ktx','********','임태현','인천시 계양구','남','010-0123-5678','회원');
insert into member values('itx','********','김성훈','서울시 도봉구','남','010-6789-3456','회원');
insert into member values('무궁화호','********','박지민','부산시 중구','여','010-8765-2341','회원');
insert into member values('기차','********','이하연','대전시 서구','여','010-3456-7891','회원');
insert into member values('기달려봐','********','최재훈','광주시 서구','남','010-2134-7890','회원');
insert into member values('줄서','********','김예린','인천시 연수구','여','010-8754-6543','회원');
insert into member values('맛미','********','박동욱','서울시 강서구','남','010-6543-9876','회원');
insert into member values('오오옷','********','황수영','부산시 기장군','여','010-2341-7896','회원');
insert into member values('거짓말','********','조혜미','대구시 서구','여','010-6589-4312','회원');
insert into member values('리어카','********','윤동주','울산시 울주군','남','010-9123-7856','회원');
insert into member values('카센타','********','김서연','서울시 성북구','여','010-5698-4231','회원');
insert into member values('타이밍','********','이태민','광주시 광산구','남','010-1234-6587','회원');
insert into member values('밍크코트','********','정우성','인천시 중구','남','010-1245-8769','회원');
insert into member values('트럭','********','강서윤','부산시 동래구','여','010-7856-1324','회원');
insert into member values('럭비','********','배정현','대구시 남구','남','010-7854-1234','회원');
insert into member values('비구니','********','임영주','서울시 강남구','여','010-5234-7845','회원');
insert into member values('니기리','********','송진호','대전시 중구','남','010-5674-3210','회원');
insert into member values('이지매','********','차유진','울산시 동구','여','010-2345-8712','회원');
insert into member values('매상','********','김예진','광주시 남구','여','010-1256-8732','회원');
insert into member values('상태','********','백승민','서울시 종로구','남','010-8965-7432','회원');
insert into member values('태고','********','윤수민','부산시 금정구','여','010-2135-8654','회원');
insert into member values('고지전','********','이상호','대구시 달성군','남','010-7985-2341','회원');
insert into member values('전차','********','강민수','서울시 용산구','남','010-2546-7834','블랙회원');
insert into member values('차차차','********','김하늘','부산시 해운대구','여','010-7895-2341','블랙회원');
insert into member values('차범근','********','이영호','대구시 북구','남','010-9754-2135','블랙회원');
insert into member values('근육','********','장지우','광주시 서구','여','010-2154-8753','블랙회원');
insert into member values('육개장','********','박정환','대전시 유성구','남','010-8547-9231','블랙회원');
insert into member values('장도리','********','이상민','울산시 남구','남','010-2354-1875','블랙회원');
insert into member values('리조또','********','김현아','서울시 서대문구','여','010-7541-2893','블랙회원');
insert into member values('또k5','********','최정훈','부산시 사하구','남','010-7856-2143','블랙회원');
insert into member values('조리퐁','********','황수정','광주시 북구','여','010-8654-3721','블랙회원');
insert into member values('퐁퐁세제','********','윤재민','대구시 수성구','남','010-5634-2917','블랙회원');


사업자(owner) 테이블
create table owner(
o_id varchar(15),  
o_pw varchar(8) not null,
o_addr varchar(50),
o_name varchar(10) not null,
o_tel varchar(13),
primary key(o_id)
);

insert into owner values ('괴물쥐','********','서울시 강남구 도곡동 타워필리스','신동엽','01045614567');
insert into owner values ('리뷰인','********','서울시 강남구 대치동 아이파크','주현영','01032434444');
insert into owner values ('앗살라','********','서울시 강남구 일원동 푸른아파트','이도현','01020134575');
insert into owner values ('만수르','********','서울시 용산구 한남동 유엔빌리지','김남영','01020124575');
insert into owner values ('푸드파이터','********','서울시 강남구 청담동 ','이석현','01084348575');
insert into owner values ('감바레요','********','수원시 영통구 이의동','조강래','01084348575');
insert into owner values ('이토요','********','수원시 팔달구 인계동','방귀남','01077129983');
insert into owner values ('엄어나','********','서울시 성북구 장위동','백김치','01055297732');
insert into owner values ('김팔랑','********','안양시 동안구 호계동','이면홍','01022937444');
insert into owner values ('피바다','********','수원시 장안구 장안동','김매일','01097456231');



식당(food) 테이블
create table food(
f_code int(12) not null,
f_name varchar(50),
f_addr varchar(50),
f_tel varchar(13),
f_menu varchar(20),
primary key(f_name)
);


insert into food values (56432,'북경집','서울시 강남구 대치동','0254246156','중식');
insert into food values (87153,'빌라더다이닝','서울시 마포구 연남동','024524247','양식');
insert into food values (75146,'어반가든','서울시 중구 정동길','02444444','이테리');
insert into food values (42856,'콘메','서울시 송파구 송파동','02542456','파스타전문');
insert into food values (13212,'매라탕','서울시 송파구 가락동','02542455','마라탕');
insert into food values (13312,'나경부대찌개','수원시 팔달구 인계동','02542775','부대찌개');
insert into food values (13214,'뚝뽂이','수원시 팔달구 인계동','02542775','떡볶이');
insert into food values (13216,'무야호','수원시 팔달구 인계동','02542776','퓨전술집');
insert into food values (13217,'솔뚜껑','수원시 팔달구 인계동','02542777','고기');


리뷰(review) 테이블
create table review(
r_code varchar(50) not null,
r_id varchar(15),
r_massege varchar(200) not null check (length(r_massege) >= 10),
r_date_n date DEFAULT SYSDATE(),
r_star INT check(r_star between 1 and 5),
r_secret INT(1) check (r_secret IN ('1','2'))
constraint r_fk1 foreign key (r_code) references food(f_code),
constraint r_fk2 foreign key (r_id) references member(id)
);


insert into review values('13214','발렌타인','사장님이 친절하셔요.',default,'5',default);
insert into review values('75146','조리퐁','음식이 조금 식어서 왔어요.',default,'1',1);
insert into review values('13217','거짓말','또 시켜먹을게요 너무 맛있어요.',default,'5',default);
insert into review values('13212','차범근','이렇게 만들면 누가 먹죠?',default,'1',1);
insert into review values('19231','비구니','음식 존맛탱',default,'5',default);
insert into review values('13235','리어카','매우 맛있어요',default,'4',default);
insert into review values('87153','조리퐁','음식에 머리카락 들어있어서 기분나빠요',default,'1',default);
insert into review values('75146','트럭','또 주문할께요',default,'5',default);
insert into review values('42856','타이밍','엄청 맛있어서 기절',default,'5',default);
insert into review values('13312','태고','와~이런음식 처음이야',default,'4',default);
insert into review values('56432','럭비','연복이형보다 잘 만드는거 같아',default,'5',default);
insert into review values('13214','밍크코트','백종원도 저리가라',default,'5',default);
insert into review values('13217','오오옷','너무 맛있어요',default,'4',default);
insert into review values('42856','맛미','사장님이 친절하셔서 또 먹을께요',default,'5',default);
insert into review values('56432','기달려봐','매일 먹는데 질리지 않는 맛',default,'4',default);
insert into review values('13216','기차','제 와이프보다 잘 만드네요 너무 맛있어요',default,'4',default);
insert into review values('13235','매상','왜 맛집인지 알겠어요',default,'4',default);
insert into review values('34097','이지매','여기 누가 맛집이라 했나요',default,'1',default);
insert into review values('45902','리조또','한참 전에 주문했는데 음식이 식어서 왔어요 ',default,'1',default);
insert into review values('87153','줄서','여기 왜 이렇게 맛있죠?',default,'4',default);
insert into review values('89237','니기리','음식이 무척 맛있어요',default,'5',default);
insert into review values('13312','상태','여기 음식이 너무 맛있어서 밥 두공기 뚝딱',default,'5',default);
insert into review values('13212','퐁퐁세제','직원이 너무 불친절했어요',default,'1',1);
insert into review values('19231','거짓말','직원이 매우 친절해요',default,'4',default);
insert into review values('30689','장도리','누구나 다 아는 맛이에요',default,'3',default);
insert into review values('14029','차범근','맛없어서 몇숟가락 먹고 나왔네요',default,'1',default);
insert into review values('82932','ktx','호영이형 여기와서 배워가세요',default,'5',default);
insert into review values('90825','발렌타인','여기 단골이에요',default,'4',default);
insert into review values('13214','itx','한달에 한 번씩 꼭 방문합니다',default,'5',default);
insert into review values('75146','무궁화호','웨이팅한 만큼 먹을 가치가 있었어요',default,'5',default);
insert into review values('56432','욕망이란','다음에도 또 시킬 의사가 있어요',default,'4',default);
insert into review values('13235','근육','솔직히 아쉽네요',default,'1',1);
insert into review values('18974','기둘기둘','여기 괜츈!!',default,'4',default);
insert into review values('13217','기차','그냥 저냥 무난해요',default,'3',default);
insert into review values('42856','스카치블루','갓띵음식!!',default,'5',default);
insert into review values('13212','잭다니엘','맛있는 음식과 친절한 직원들!',default,'5',default);
insert into review values('29385','레몬첼로','굳굳굳굳굳',default,'4',default);
insert into review values('12345','발렌타인','좋은 음식과 완벽한 서비스였어!!',default,'5',default);
insert into review values('87153','고삼차','비싸지만 갈 만한 가치가 있어요',default,'4',default);
insert into review values('56432','기둘기둘','데이트 코스로 가면 딱 좋아요',default,'5',default);
insert into review values('80192','고지식','얼큰한 맛에 반했어요',default,'5',default);
insert into review values('87153','욕망이란','심심한 맛에 중독되네요',default,'4',default);
insert into review values('18974','ktx','지선이언니 여기 요리 잘하네요',default,'5',default);
insert into review values('13216','itx','정환이형 여기 꼭 와서 먹어봐',default,'5',default);
insert into review values('34589','무궁화호','현지인 추천으로 왔는데 매우 맛있음',default,'5',default);
insert into review values('90825','기차','살면서 여기 꼭 와봐야 할 곳',default,'5',default);
insert into review values('19231','기달려봐','미친듯한 맛',default,'5',default);
insert into review values('29385','줄서','전두엽을 탁 치고 가는 맛집',default,'5',default);
insert into review values('87153','맛미','그동안 먹은데는 맛없는 곳이였어',default,'5',default);
insert into review values('56432','오오옷','음식 참 잘하는 집',default,'5',default);
insert into review values('13214','거짓말','지인 추천으로 왔는데 만족하고 가요',default,'5',default);
insert into review values('13212','리어카','연인데이트 맛집으로 추천해요',default,'5',default);
insert into review values('45902','카센타','가족들과 외식하기 좋은 집!!',default,'5',default);
insert into review values('89237','또k5','요기 참 맛없어서 놀랬어요',default,'1',1);
insert into review values('34097','밍크코트','유투버들이 많이 와서 궁금해서 왔어요',default,'5',default);
insert into review values('82932','트럭','김준현이 추천한 맛집이라 와봤어요',default,'5',default);
insert into review values('18974','럭비','엄지 척!!',default,'5',default);
insert into review values('75146','비구니','눈이 뻔쩍하고 뜨일 정도로 맛있네요',default,'5',default);
insert into review values('12345','전차','여기 너무 매워서 못먹고 나왔어요',default,'1',1);
insert into review values('87153','이지매','빠른 배달에 너무 맛있게 먹었어요',default,'5',default);
insert into review values('30689','차차차','너무 기름져서 느끼했어요',default,'1',default);
insert into review values('45902','장도리','여기 다신 방문 안 할꺼 같아요',default,'1',default);
insert into review values('13235','조리퐁','음식에 벌레가 들어가서 입맛 다 버렸어요',default,'1',default);
insert into review values('13312','고지전','매우 맛나요',default,'5',default);
insert into review values('56432','전차','(%*$(^*@(&',default,'1',1);
insert into review values('42856','차차차','(%*$(^*@(&',default,'1',1);
insert into review values('13212','차범근','(%*$(^*@(&',default,'1',default);
insert into review values('87153','근육','(%*$(^*@(&',default,'1',default);
insert into review values('13216','육개장','(%*$(^*@(&',default,'1',1);
insert into review values('34589','장도리','(%*$(^*@(&',default,'1',default);
insert into review values('13214','리조또','(%*$(^*@(&',default,'1',default);
insert into review values('89237','또k5','(%*$(^*@(&',default,'1',default);
insert into review values('29385','조리퐁','(%*$(^*@(&',default,'1',1);
insert into review values('75146','퐁퐁세제','(%*$(^*@(&',default,'1',default);
insert into review values('19231','스카치블루','요기 무적권 추천!!',default,'5',default);
insert into review values('18974','잭다니엘','너무 맛있는데 어떡하죠..',default,'5',default);
insert into review values('12345','레몬첼로','매우 맛있어서 과식했어요',default,'5',default);
insert into review values('90825','발렌타인','배가 터져도 모를 맛',default,'5',default);
insert into review values('34097','고삼차','부모님께서 매우 만족하셨어요',default,'5',default);
insert into review values('14029','기둘기둘','우리 애기들이 매우 좋아해요',default,'5',default);
insert into review values('30689','고지식','배달 너무 빨리 와서 놀랬어요',default,'4',default);
insert into review values('13217','욕망이란','서비스 많이 주셔서 놀랬어요!!',default,'5',default);
insert into review values('13212','ktx','와 이런데가 있었다니 깜놀',default,'5',default);
insert into review values('42856','itx','상견례할때 오면 좋을꺼 같아요',default,'5',default);
insert into review values('13235','무궁화호','말로 표현 못하는 놀라운 맛',default,'5',default);
insert into review values('87153','기차','무난했어요',default,'3',1);
insert into review values('13312','기달려봐','1시간 기다려서 겨우 먹었네요',default,'5',default);
insert into review values('13216','줄서','담엔 오픈런 해야겠어요',default,'5',default);
insert into review values('34589','맛미','너무 너무 맛나요',default,'5',default);
insert into review values('45902','오오옷','너무 달지도 않고 딱 좋아요',default,'5',default);
insert into review values('90825','거짓말','알맞게 매워서 좋았어요',default,'5',default);
insert into review values('29385','리어카','맛있었어요',default,'4',default);
insert into review values('75146','카센타','맛있어요',default,'5',default);
insert into review values('82932','타이밍','존맛탱이야',default,'5',default);
insert into review values('13212','밍크코트','잘 먹었어요',default,'5',default);
insert into review values('89237','트럭','배터지게 먹었어요',default,'5',default);
insert into review values('18974','럭비','배터져도 모르겠어요',default,'5',default);
insert into review values('34097','비구니','너무 맛있는데 어떡함',default,'5',default);
insert into review values('13216','니기리','여기 무조건 추천 쾅쾅',default,'5',default);
insert into review values('12345','이지매','부모님 모시고 가기 좋은 곳',default,'4',default);
insert into review values('19231','매상','매우 맛있어요',default,'5',default);
insert into review values('13235','상태','서비스 많이 줘요',default,'5',default);
insert into review values('13214','태고','가성비가 좋아요',default,'5',default);
insert into review values('13217','고지전','가성비 최고 맛집!!',default,'5',default);
insert into review values('13212','전차','여기 너무 실망했어요',default,'1',default);              
insert into review values('34589','차차차','돈주고 사먹기 아까운 곳',default,'1',default);
insert into review values('45902','차범근','음식 못하는 집 처음이에요',default,'1',1);
insert into review values('13312','근육','맛대가리 없어요',default,'1',default);
insert into review values('29385','육개장','토할뻔 했어요',default,'1',1);
insert into review values('42856','장도리','여기 너무 불친절해요',default,'1',default);
insert into review values('34097','리조또','직원이 싸가지없어요',default,'1',1);
insert into review values('82932','또k5','먹다가 직원이 치고가서 짜증났어요',default,'1',default);
insert into review values('30689','조리퐁','이렇게 만들면 누가 먹죠?',default,'1',default);
insert into review values('90825','퐁퐁세제','요따구로 만들면 어느 누가 먹나요?',default,'1',1);           
insert into review values('98237','스카치블루','사장이 매우 친절해요',default,'5',1);
insert into review values('89237','잭다니엘','직원들이 매우 친절해요',default,'5',default);
insert into review values('34589','레몬첼로','너무 맛있어요',default,'5',default);
insert into review values('12345','발렌타인','와우 매우 맛나요',default,'5',default);
insert into review values('78923','고삼차','아 맛나요',default,'5',default);
insert into review values('18974','기둘기둘','너무 맛있어서 기절했어요',default,'5',1);
insert into review values('13216','고지식','현지인들이 추천하는 곳',default,'5',default);
insert into review values('82932','욕망이란','존맛탱이에용',default,'5',default);
insert into review values('13235','ktx','매우 맛있어요',default,'5',default);
insert into review values('19231','itx','무척 만족할만 맛집이에요',default,'5',default);
insert into review values('29385','무궁화호','매우 잘 먹었어요',default,'5',default);
insert into review values('45902','기차','아주 맛있는 집이에요',default,'5',default);
insert into review values('13214','기달려봐','이집 잘하는 집이에요',default,'5',default);
insert into review values('13217','줄서','너무 맛있다',default,'5',default);
insert into review values('34097','맛미','맛있어요',default,'4',default);
insert into review values('90825','오오옷','오오오오오오 맛탱구리',default,'5',default);
insert into review values('30689','거짓말','서비스 많이 줘서 놀랬어요',default,'5',default);
insert into review values('89237','리어카','무척 맛있게 먹었어요',default,'5',default);
insert into review values('13312','카센타','잘 먹고 갑니다',default,'5',default);
insert into review values('98237','타이밍','우왕ㅋ굳ㅋ',default,'5',default);
insert into review values('80192','밍크코트','다음에도 또 올께요',default,'5',default);
insert into review values('75146','트럭','매일 가서 먹고 싶은 맛',default,'5',default);
insert into review values('82932','럭비','이런 맛집은 언제든 환영합니다',default,'5',default);
insert into review values('13235','비구니','여기 제 최애맛집이에요',default,'5',default);
insert into review values('34589','니기리','여기 나만 알고 싶은 곳이에요',default,'5',default);
insert into review values('13216','이지매','여태 먹은 곳 중에 넘버3안에 들어요',default,'5',default);
insert into review values('78923','매상','아주 맛있어요',default,'5',default);
insert into review values('19231','상태','여기를 왜 늦게 알았을까요..맛있어요',default,'5',default);
insert into review values('18974','태고','맛있어서 친구들이랑 자주 가요',default,'5',default);
insert into review values('45902','고지전','욜라 맛있어요',default,'5',default);
insert into review values('34097','전차','이렇게 만들면 누가 먹죠?',default,'1',default);                
insert into review values('89237','차차차','이따구로 만들면 누가 먹나요?',default,'1',1);
insert into review values('87153','차범근','솔직히 내가 만들면 더 맛있겠다',default,'1',default);
insert into review values('75146','근육','개도 안먹는 음식같이 맛없어요',default,'1',1);
insert into review values('14029','육개장','혀가 고장났나요?간이 안맞아요',default,'1',default);
insert into review values('34589','장도리','여기 왜 사람이 없는지 알겠어요',default,'1',1);
insert into review values('82932','리조또','진짜 돈을 줘도 안먹는 집',default,'1',default);
insert into review values('98237','또k5','이딴 집이 왜 맛집이라고 누가 그래요?',default,'1',1);
insert into review values('12345','조리퐁','과대광고로 사기치네요 맛없어요',default,'1',1);
insert into review values('18974','퐁퐁세제','맛없어요 토했어요',default,'1',default);               
insert into review values('30689','스카치블루','왜 TV에 나오는지 알겠어요 맛집인정',default,'5',default);
insert into review values('13216','잭다니엘','매우 맛있어요',default,'5',default);
insert into review values('13217','레몬첼로','잘 먹고 갑니다',default,'5',default);
insert into review values('19231','발렌타인','분위기 좋고 맛있어요',default,'5',default);
insert into review values('89237','고삼차','여기 최애맛집!',default,'5',default);
insert into review values('34097','기둘기둘','맛있어요',default,'5',default);
insert into review values('45902','고지식','엄지척!!',default,'5',default);
insert into review values('78923','욕망이란','이런 맛집은 나만 알고 싶다',default,'5',default);
insert into review values('14029','ktx','무척 맛있어요',default,'5',default);
insert into review values('98237','itx','매일 가고 싶어요',default,'5',default);
insert into review values('34589','무궁화호','다음에도 또 올께요',default,'4',default);
insert into review values('80192','기차','맛집인정!',default,'5',default);
insert into review values('12345','기달려봐','잘 먹었어요',default,'5',default);
insert into review values('13217','줄서','사장님이 매우 친절해요',default,'5',default);
insert into review values('98237','맛미','아주 맛있어요',default,'5',default);
insert into review values('80192','오오옷','직원들이 매우 친절해요',default,'5',default);
insert into review values('87153','거짓말','지인들이 추천했는데 맛있어요',default,'5',default);
insert into review values('30689','리어카','맛있어서 지인들한테 추천했어요',default,'5',default);
insert into review values('14029','카센타','여기 맛있어요',default,'5',default);
insert into review values('78923','타이밍','이집 잘하는 집 인정!!',default,'5',default);
insert into review values('42856','밍크코트','아주 맛있게 먹고 갔어요',default,'5',default);
insert into review values('13212','트럭','와이프가 매우 좋아해요',default,'5',default);
insert into review values('13312','럭비','백종원이 왔다 간 집이라해서 갔는데 맛있어요',default,'5',default);
insert into review values('14029','비구니','노포 맛집 인정',default,'5',default);
insert into review values('13214','니기리','사장님이 할머니이신데 손맛이 맛있어요',default,'5',default);
insert into review values('87153','이지매','매일 그리워할 꺼 같아요',default,'5',1);
insert into review values('80192','매상','아주 그냥 끝내줘요',default,'5',default);
insert into review values('13217','상태','맛있어요',default,'4',default);
insert into review values('13214','태고','무척 맛있었습니다',default,'5',default);
insert into review values('34589','고지전','여기 인정합니다',default,'5',1);
insert into review values('75146','전차','돈주고 안 사먹을꺼 같아요',default,'1',default);                    
insert into review values('78923','차차차','모기가 들어있었네요. 매우 불쾌했어요',default,'1',default);
insert into review values('30689','차범근','이렇게 만들면 누가 먹죠?',default,'1',default);
insert into review values('98237','근육','맛없는 집 처음이에요',default,'1',default);
insert into review values('42856','육개장','매우 실망했어요',default,'1',1);
insert into review values('13216','장도리','최악이에요',default,'1',default);
insert into review values('80192','리조또','이딴 집은 망해야 되요',default,'1',default);
insert into review values('87153','또k5','무슨 비누맛 나요...',default,'1',default);
insert into review values('13216','조리퐁','음식 장사 왜 하세요?',default,'1',1);
insert into review values('56432','퐁퐁세제','(%*$(^*@(&',default,'1',default);               
insert into review values('13312','스카치블루','여기 허름하지만 맛은 매우 훌륭해요',default,'5',default);
insert into review values('13212','잭다니엘','아주 그냥 끝내주는 맛집이에요',default,'5',1);
insert into review values('42856','레몬첼로','짱짱 맛있어요',default,'5',default);
insert into review values('80192','발렌타인','잘 먹고 갑니다',default,'5',default);
insert into review values('14029','고삼차','존맛탱구리',default,'5',default);
insert into review values('98237','기둘기둘','여기 무척 맛있어요',default,'5',default);
insert into review values('78923','고지식','처음 와봤는데 또 방문하고 싶어요',default,'5',1);
insert into review values('34589','욕망이란','재방문 시급합니다.',default,'5',default);



방문대장(visitedlist) 테이블
create table visitedlist(
v_id varchar2(15),
v_code varchar2(50),
date_n date default sysdate,
constraint v_fk1 foreign key(v_id) references member(id),
constraint v_fk2 foreign key(v_code) references food(f_cdoe)
);

insert into visitedlist values('jyp','56432','2024/07/17');
insert into visitedlist values('이츠리얼','13312','202024/07/17');
insert into visitedlist values('맛집만간다','13212','2024/07/17');
insert into visitedlist values('배달킬러','75146','2024/07/18');
insert into visitedlist values('음맛있다','13214','2024/07/18');
insert into visitedlist values('오조사마','42856','2024/07/19');
insert into visitedlist values('맛집만','13217','2024/07/20');
insert into visitedlist values('이츠리얼','87153','2024/07/22');
insert into visitedlist values('음맛있다','13216','2024/07/24');
insert into visitedlist values('맛집만간다','42856','2024/07/24');
insert into visitedlist values('jyp','75146','2024/07/27');
insert into visitedlist values('맛집만','13216','2024/07/30');
insert into visitedlist values('오조사마','13217','2024/08/01');
insert into visitedlist values('jyp','56432','2024/08/01');
insert into visitedlist values('배달킬러','13312','2024/08/02');
insert into visitedlist values('이츠리얼','13312','2024/08/03');
insert into visitedlist values('음맛있다','13214','2024/08/05');
insert into visitedlist values('jyp','56432','2024/08/06');
insert into visitedlist values('배달킬러','75146','2024/08/07');
insert into visitedlist values('맛집만간다','13216','2024/08/09');
insert into visitedlist values('음맛있다','13214','2024/08/09');
insert into visitedlist values('맛집만간다','75146','2024/08/10');
insert into visitedlist values('이츠리얼','13312','2024/08/12');
insert into visitedlist values('이츠리얼','13312','2024/08/13');
insert into visitedlist values('이츠리얼','13216','2024/08/14');
insert into visitedlist values('jyp','75146','2024/08/15');
insert into visitedlist values('맛집만간다','13214','2024/08/17');
insert into visitedlist values('음맛있다','42856','2024/08/17');
insert into visitedlist values('오조사마','75146','2024/08/18');
insert into visitedlist values('jyp','13212','2024/08/19');


